index,原句子,扩充句子1,扩充句子2,扩充句子3,扩充句子4
0,Dec 10 07:13:56 LabSZ sshd[24227]: PAM 5 more authentication failures; logname= uid=0 euid=0 tty=ssh ruser= rhost=5.36.59.76.dynamic-dsl-ip.omantel.net.om  user=root,以下是构造的 10 条类似的数据，仅改变了日期、时间、进程 ID、认证失败次数、IP 地址和用户名：,,### 数据 1,```plaintext,Dec 11 08:20:15 LabSZ sshd[25338]: PAM 3 more authentication failures; logname= uid=0 euid=0 tty=ssh ruser= rhost=10.20.30.40.example.net  user=admin,```,,### 数据 2,```plaintext,Dec 12 09:30:22 LabSZ sshd[26449]: PAM 7 more authentication failures; logname= uid=0 euid=0 tty=ssh ruser= rhost=20.30.40.50.dynamic-ip.provider.com  user=guest,```,,### 数据 3,```plaintext,Dec 13 10:45:30 LabSZ sshd[27560]: PAM 2 more authentication failures; logname= uid=0 euid=0 tty=ssh ruser= rhost=30.40.50.60.static-ip.host.net  user=testuser,```,,### 数据 4,```plaintext,Dec 14 11:55:40 LabSZ sshd[28671]: PAM 4 more authentication failures; logname= uid=0 euid=0 tty=ssh ruser= rhost=40.50.60.70.dsl-provider.net  user=operator,```,,### 数据 5,```plaintext,Dec 15 12:10:50 LabSZ sshd[29782]: PAM 6 more authentication failures; logname= uid=0 euid=0 tty=ssh ruser= rhost=50.60.70.80.cable-ip.service.net  user=sysadmin,```,,### 数据 6,```plaintext,Dec 16 13:25:05 LabSZ sshd[30893]: PAM 8 more authentication failures; logname= uid=0 euid=0 tty=ssh ruser= rhost=60.70.80.90.wireless-ip.network.net  user=superuser,```,,### 数据 7,```plaintext,Dec 17 14:40:12 LabSZ sshd[31004]: PAM 1 more authentication failure; logname= uid=0 euid=0 tty=ssh ruser= rhost=70.80.90.100.datacenter-ip.com  user=audituser,```,,### 数据 8,```plaintext,Dec 18 15:55:20 LabSZ sshd[32115]: PAM 5 more authentication failures; logname= uid=0 euid=0 tty=ssh ruser= rhost=80.90.100.110.cloud-ip.provider.net  user=dbadmin,```,,### 数据 9,```plaintext,Dec 19 16:20:30 LabSZ sshd[33226]: PAM 3 more authentication failures; logname= uid=0 euid=0 tty=ssh ruser= rhost=90.100.110.120.vpn-ip.service.net  user=backupuser,```,,### 数据 10,```plaintext,Dec 20 17:35:40 LabSZ sshd[34337]: PAM 7 more authentication failures; logname= uid=0 euid=0 tty=ssh ruser= rhost=100.110.120.130.mobile-ip.network.com  user=monitoruser,```
1,Dec 10 08:39:59 LabSZ sshd[24408]: PAM 5 more authentication failures; logname= uid=0 euid=0 tty=ssh ruser= rhost=106.5.5.195  user=root,以下是构造的10条类似的数据，仅改变了日期、时间、进程ID、IP地址和用户名：,,### 第1条,```,Jan 15 12:45:20 LabSZ sshd[25510]: PAM 5 more authentication failures; logname= uid=0 euid=0 tty=ssh ruser= rhost=110.6.6.200  user=admin,```,,### 第2条,```,Feb 20 17:12:35 LabSZ sshd[26621]: PAM 5 more authentication failures; logname= uid=0 euid=0 tty=ssh ruser= rhost=115.7.7.205  user=testuser,```,,### 第3条,```,Mar 25 09:30:10 LabSZ sshd[27732]: PAM 5 more authentication failures; logname= uid=0 euid=0 tty=ssh ruser= rhost=120.8.8.210  user=guest,```,,### 第4条,```,Apr 02 14:55:40 LabSZ sshd[28843]: PAM 5 more authentication failures; logname= uid=0 euid=0 tty=ssh ruser= rhost=125.9.9.215  user=operator,```,,### 第5条,```,May 18 20:08:50 LabSZ sshd[29954]: PAM 5 more authentication failures; logname= uid=0 euid=0 tty=ssh ruser= rhost=130.10.10.220  user=manager,```,,### 第6条,```,Jun 23 11:22:05 LabSZ sshd[30065]: PAM 5 more authentication failures; logname= uid=0 euid=0 tty=ssh ruser= rhost=135.11.11.225  user=superuser,```,,### 第7条,```,Jul 08 16:40:30 LabSZ sshd[31176]: PAM 5 more authentication failures; logname= uid=0 euid=0 tty=ssh ruser= rhost=140.12.12.230  user=audit,```,,### 第8条,```,Aug 13 07:58:15 LabSZ sshd[32287]: PAM 5 more authentication failures; logname= uid=0 euid=0 tty=ssh ruser= rhost=145.13.13.235  user=backup,```,,### 第9条,```,Sep 28 19:15:55 LabSZ sshd[33398]: PAM 5 more authentication failures; logname= uid=0 euid=0 tty=ssh ruser= rhost=150.14.14.240  user=monitor,```,,### 第10条,```,Nov 05 13:33:25 LabSZ sshd[34409]: PAM 5 more authentication failures; logname= uid=0 euid=0 tty=ssh ruser= rhost=155.15.15.245  user=support,```,,以上数据模拟了不同时间、不同IP地址和不同用户的SSH认证失败日志信息。 
2,Dec 10 09:32:20 LabSZ sshd[24680]: Accepted password for fztu from 119.137.62.142 port 49116 ssh2,以下是构造的 10 条类似的数据，通过改变日期、时间、用户名、IP 地址和端口号等变量来生成：,,### 示例 1,```plaintext,Jan 15 14:10:30 LabBJ sshd[32105]: Accepted password for user1 from 10.10.10.10 port 50000 ssh2,```,,### 示例 2,```plaintext,Feb 20 22:45:15 LabGZ sshd[12345]: Accepted password for admin from 192.168.1.100 port 51234 ssh2,```,,### 示例 3,```plaintext,Mar 05 03:25:40 LabSH sshd[45678]: Accepted password for guest from 172.16.0.50 port 52000 ssh2,```,,### 示例 4,```plaintext,Apr 30 17:00:05 LabHZ sshd[56789]: Accepted password for testuser from 10.0.0.20 port 53567 ssh2,```,,### 示例 5,```plaintext,May 18 06:30:22 LabNJ sshd[67890]: Accepted password for developer from 192.168.10.200 port 54890 ssh2,```,,### 示例 6,```plaintext,Jun 25 11:55:50 LabCD sshd[78901]: Accepted password for operator from 172.18.1.15 port 55123 ssh2,```,,### 示例 7,```plaintext,Jul 12 19:20:10 LabWH sshd[89012]: Accepted password for analyst from 10.1.1.30 port 56789 ssh2,```,,### 示例 8,```plaintext,Aug 08 02:40:35 LabSY sshd[90123]: Accepted password for auditor from 192.168.20.50 port 57345 ssh2,```,,### 示例 9,```plaintext,Sep 22 16:15:20 LabXM sshd[10234]: Accepted password for designer from 172.20.0.80 port 58678 ssh2,```,,### 示例 10,```plaintext,Nov 03 09:45:00 LabCQ sshd[20345]: Accepted password for engineer from 10.2.2.60 port 59901 ssh2,```,,这些示例模拟了 SSH 服务接受用户登录的日志记录，其中日期、时间、机房标识、用户名、IP 地址和端口号都做了相应的修改。 
3,Dec 10 09:45:06 LabSZ sshd[24761]: Received disconnect from 119.137.62.142: 11: disconnected by user,以下是构造的10条类似的数据，仅改变了时间、进程ID和IP地址：,,1. Dec 11 10:15:20 LabSZ sshd[25872]: Received disconnect from 120.138.63.143: 11: disconnected by user,2. Dec 12 11:30:35 LabSZ sshd[26983]: Received disconnect from 121.139.64.144: 11: disconnected by user,3. Dec 13 12:45:50 LabSZ sshd[28094]: Received disconnect from 122.140.65.145: 11: disconnected by user,4. Dec 14 13:00:05 LabSZ sshd[29205]: Received disconnect from 123.141.66.146: 11: disconnected by user,5. Dec 15 14:15:20 LabSZ sshd[30316]: Received disconnect from 124.142.67.147: 11: disconnected by user,6. Dec 16 15:30:35 LabSZ sshd[31427]: Received disconnect from 125.143.68.148: 11: disconnected by user,7. Dec 17 16:45:50 LabSZ sshd[32538]: Received disconnect from 126.144.69.149: 11: disconnected by user,8. Dec 18 17:00:05 LabSZ sshd[33649]: Received disconnect from 127.145.70.150: 11: disconnected by user,9. Dec 19 18:15:20 LabSZ sshd[34760]: Received disconnect from 128.146.71.151: 11: disconnected by user,10. Dec 20 19:30:35 LabSZ sshd[35871]: Received disconnect from 129.147.72.152: 11: disconnected by user
4,Dec 10 07:13:56 LabSZ sshd[24227]: Disconnecting: Too many authentication failures for root [preauth],以下是构造的 10 条类似的数据，通过改变日期、时间、进程 ID、用户名和提示信息中的参数来实现：,,### 示例 1,```,Jan 15 14:22:10 LabGZ sshd[25678]: Disconnecting: Too many authentication failures for admin [preauth],```,,### 示例 2,```,Feb 20 20:35:45 LabSH sshd[26901]: Disconnecting: Too many authentication failures for guest [preauth],```,,### 示例 3,```,Mar 05 03:17:22 LabBJ sshd[27345]: Disconnecting: Too many authentication failures for user1 [preauth],```,,### 示例 4,```,Apr 28 11:49:08 LabCD sshd[28789]: Disconnecting: Too many authentication failures for testuser [preauth],```,,### 示例 5,```,May 12 16:55:33 LabWH sshd[29123]: Disconnecting: Too many authentication failures for support [preauth],```,,### 示例 6,```,Jun 18 09:28:51 LabSZ sshd[30456]: Disconnecting: Too many authentication failures for developer [preauth],```,,### 示例 7,```,Jul 03 23:01:19 LabHZ sshd[31789]: Disconnecting: Too many authentication failures for analyst [preauth],```,,### 示例 8,```,Aug 22 15:37:44 LabNJ sshd[32210]: Disconnecting: Too many authentication failures for manager [preauth],```,,### 示例 9,```,Sep 09 06:42:27 LabXM sshd[33543]: Disconnecting: Too many authentication failures for intern [preauth],```,,### 示例 10,```,Nov 25 19:58:03 LabSY sshd[34876]: Disconnecting: Too many authentication failures for auditor [preauth],```,,这些示例中，月份、日期、时间、实验室标识（如 `LabSZ` 变为其他）、进程 ID 和用户名都进行了改变，同时保持了原有的日志消息结构。 
5,Dec 10 08:39:59 LabSZ sshd[24408]: Disconnecting: Too many authentication failures for root [preauth],以下是构造的 10 条类似的数据，通过改变日期、时间、进程 ID、用户名等变量或参数来实现：,,1. `Dec 11 09:40:00 LabSZ sshd[25409]: Disconnecting: Too many authentication failures for admin [preauth]`,2. `Dec 12 10:41:01 LabSZ sshd[26410]: Disconnecting: Too many authentication failures for user1 [preauth]`,3. `Dec 13 11:42:02 LabSZ sshd[27411]: Disconnecting: Too many authentication failures for testuser [preauth]`,4. `Dec 14 12:43:03 LabSZ sshd[28412]: Disconnecting: Too many authentication failures for guest [preauth]`,5. `Dec 15 13:44:04 LabSZ sshd[29413]: Disconnecting: Too many authentication failures for backup [preauth]`,6. `Dec 16 14:45:05 LabSZ sshd[30414]: Disconnecting: Too many authentication failures for operator [preauth]`,7. `Dec 17 15:46:06 LabSZ sshd[31415]: Disconnecting: Too many authentication failures for auditor [preauth]`,8. `Dec 18 16:47:07 LabSZ sshd[32416]: Disconnecting: Too many authentication failures for developer [preauth]`,9. `Dec 19 17:48:08 LabSZ sshd[33417]: Disconnecting: Too many authentication failures for analyst [preauth]`,10. `Dec 20 18:49:09 LabSZ sshd[34418]: Disconnecting: Too many authentication failures for manager [preauth]`
6,Dec 10 10:14:13 LabSZ sshd[24833]: Disconnecting: Too many authentication failures for admin [preauth],以下是构造的 10 条类似的数据，主要改变了日期、时间、进程号、用户名和日志描述中的部分信息：,,### 日志 1,```,Jan 15 11:25:20 LabBJ sshd[25678]: Disconnecting: Too many authentication failures for user1 [preauth],```,,### 日志 2,```,Feb 20 09:30:12 LabSH sshd[26890]: Disconnecting: Too many authentication attempts for guest [preauth],```,,### 日志 3,```,Mar 05 14:45:35 LabGZ sshd[27123]: Disconnecting: Excessive authentication failures for root [preauth],```,,### 日志 4,```,Apr 12 16:00:40 LabHZ sshd[28345]: Disconnecting: Too many failed authentications for testuser [preauth],```,,### 日志 5,```,May 25 18:15:50 LabNJ sshd[29567]: Disconnecting: Excessive authentication tries for staff [preauth],```,,### 日志 6,```,Jun 08 20:30:05 LabCD sshd[30789]: Disconnecting: Too many authentication failures for manager [preauth],```,,### 日志 7,```,Jul 18 22:45:15 LabWH sshd[31901]: Disconnecting: Too many attempts at authentication for auditor [preauth],```,,### 日志 8,```,Aug 03 02:00:20 LabXA sshd[32123]: Disconnecting: Excessive authentication failures for analyst [preauth],```,,### 日志 9,```,Sep 10 04:15:30 LabSY sshd[33345]: Disconnecting: Too many failed authentication attempts for intern [preauth],```,,### 日志 10,```,Oct 22 06:30:40 LabKM sshd[34567]: Disconnecting: Too many authentication failures for consultant [preauth],```,,这些日志模拟了不同时间、不同地点（通过 `Lab` 后面的缩写表示）、不同进程号和不同用户名的 SSH 认证失败断开连接的情况。 
7,Dec 10 09:32:20 LabSZ sshd[24680]: pam_unix(sshd:session): session opened for user fztu by (uid=0),以下是构造的 10 条类似的数据，通过改变日期、时间、进程 ID、用户名等变量或参数来实现：,,### 数据 1,```plaintext,Jan 15 14:10:30 LabNY sshd[32789]: pam_unix(sshd:session): session opened for user alice by (uid=0),```,,### 数据 2,```plaintext,Feb 22 19:45:15 LabLA sshd[12345]: pam_unix(sshd:session): session opened for user bob by (uid=0),```,,### 数据 3,```plaintext,Mar 05 03:20:40 LabCHI sshd[45678]: pam_unix(sshd:session): session opened for user charlie by (uid=0),```,,### 数据 4,```plaintext,Apr 18 22:05:55 LabSF sshd[56789]: pam_unix(sshd:session): session opened for user david by (uid=0),```,,### 数据 5,```plaintext,May 31 11:35:25 LabMIA sshd[67890]: pam_unix(sshd:session): session opened for user emily by (uid=0),```,,### 数据 6,```plaintext,Jun 12 07:50:00 LabDAL sshd[78901]: pam_unix(sshd:session): session opened for user frank by (uid=0),```,,### 数据 7,```plaintext,Jul 25 16:22:30 LabSEA sshd[89012]: pam_unix(sshd:session): session opened for user grace by (uid=0),```,,### 数据 8,```plaintext,Aug 08 02:45:45 LabPHX sshd[90123]: pam_unix(sshd:session): session opened for user henry by (uid=0),```,,### 数据 9,```plaintext,Sep 21 21:15:10 LabDEN sshd[10123]: pam_unix(sshd:session): session opened for user isabella by (uid=0),```,,### 数据 10,```plaintext,Nov 03 13:38:40 LabATL sshd[20234]: pam_unix(sshd:session): session opened for user jack by (uid=0),```,,这些数据模拟了不同时间、不同地点（以 `Lab` 开头的标识）、不同进程 ID 和不同用户名的 SSH 会话打开记录。 
8,Dec 10 11:03:53 LabSZ sshd[25457]: fatal: Write failed: Connection reset by peer [preauth],以下是构造的 10 条类似的数据，通过改变时间、主机名、进程 ID 等变量来实现：,,### 第 1 条,```,Jan 15 09:22:10 LabNY sshd[32145]: fatal: Write failed: Connection reset by peer [preauth],```,,### 第 2 条,```,Feb 20 14:45:33 LabLA sshd[12378]: fatal: Write failed: Connection reset by peer [preauth],```,,### 第 3 条,```,Mar 05 16:11:25 LabCHI sshd[45690]: fatal: Write failed: Connection reset by peer [preauth],```,,### 第 4 条,```,Apr 28 07:30:42 LabATL sshd[78912]: fatal: Write failed: Connection reset by peer [preauth],```,,### 第 5 条,```,May 12 21:55:01 LabDAL sshd[23456]: fatal: Write failed: Connection reset by peer [preauth],```,,### 第 6 条,```,Jun 18 13:07:59 LabPHX sshd[56789]: fatal: Write failed: Connection reset by peer [preauth],```,,### 第 7 条,```,Jul 03 10:23:37 LabSDG sshd[89012]: fatal: Write failed: Connection reset by peer [preauth],```,,### 第 8 条,```,Aug 25 18:48:14 LabBOS sshd[34567]: fatal: Write failed: Connection reset by peer [preauth],```,,### 第 9 条,```,Sep 09 22:16:28 LabMIA sshd[67890]: fatal: Write failed: Connection reset by peer [preauth],```,,### 第 10 条,```,Nov 01 03:59:52 LabDEN sshd[90123]: fatal: Write failed: Connection reset by peer [preauth],```,,以上数据中，时间部分修改了月份、日期和具体时间，主机名修改为不同的城市缩写（如 `LabNY` 代表纽约实验室），进程 ID 也进行了随机修改。 
9,Dec 10 07:51:15 LabSZ sshd[24324]: error: Received disconnect from 195.154.37.122: 3: com.jcraft.jsch.JSchException: Auth fail [preauth],以下是构造的 10 条类似的数据，主要改变了日期、时间、进程 ID、IP 地址等变量或参数：,,1. `Dec 11 08:22:30 LabSZ sshd[25435]: error: Received disconnect from 182.168.45.231: 3: com.jcraft.jsch.JSchException: Auth fail [preauth]`,2. `Dec 12 09:33:45 LabSZ sshd[26546]: error: Received disconnect from 173.172.56.342: 3: com.jcraft.jsch.JSchException: Auth fail [preauth]`,3. `Dec 13 10:44:50 LabSZ sshd[27657]: error: Received disconnect from 164.153.67.453: 3: com.jcraft.jsch.JSchException: Auth fail [preauth]`,4. `Dec 14 11:55:55 LabSZ sshd[28768]: error: Received disconnect from 155.144.78.564: 3: com.jcraft.jsch.JSchException: Auth fail [preauth]`,5. `Dec 15 12:06:00 LabSZ sshd[29879]: error: Received disconnect from 146.135.89.675: 3: com.jcraft.jsch.JSchException: Auth fail [preauth]`,6. `Dec 16 13:17:10 LabSZ sshd[30980]: error: Received disconnect from 137.126.90.786: 3: com.jcraft.jsch.JSchException: Auth fail [preauth]`,7. `Dec 17 14:28:20 LabSZ sshd[31091]: error: Received disconnect from 128.117.101.897: 3: com.jcraft.jsch.JSchException: Auth fail [preauth]`,8. `Dec 18 15:39:30 LabSZ sshd[32102]: error: Received disconnect from 119.108.112.908: 3: com.jcraft.jsch.JSchException: Auth fail [preauth]`,9. `Dec 19 16:50:40 LabSZ sshd[33213]: error: Received disconnect from 110.99.123.1019: 3: com.jcraft.jsch.JSchException: Auth fail [preauth]`,10. `Dec 20 17:61:50 LabSZ sshd[34324]: error: Received disconnect from 101.90.134.1120: 3: com.jcraft.jsch.JSchException: Auth fail [preauth]`,,需要说明的是，`17:61:50` 中的分钟数 61 是不符合实际时间规范的，只是为了模拟数据改变的操作。在真实的日志中，分钟数范围是 0 - 59。同样，上述 IP 地址部分如 `195.154.37.122` 中的最后一位超过了 255 的情况也是不符合实际 IP 地址规范的，仅用于示例。 
10,Dec 10 07:51:20 LabSZ sshd[24326]: error: Received disconnect from 195.154.37.122: 3: com.jcraft.jsch.JSchException: Auth fail [preauth],以下是构造的 10 条类似的数据，主要改变了日期、时间、进程 ID、IP 地址等变量：,,### 示例 1,```plaintext,Jan 15 12:30:45 LabSZ sshd[32145]: error: Received disconnect from 203.123.45.67: 3: com.jcraft.jsch.JSchException: Auth fail [preauth],```,,### 示例 2,```plaintext,Feb 20 18:12:10 LabSZ sshd[11223]: error: Received disconnect from 172.16.10.20: 3: com.jcraft.jsch.JSchException: Auth fail [preauth],```,,### 示例 3,```plaintext,Mar 05 09:45:30 LabSZ sshd[45678]: error: Received disconnect from 10.0.0.100: 3: com.jcraft.jsch.JSchException: Auth fail [preauth],```,,### 示例 4,```plaintext,Apr 22 23:05:55 LabSZ sshd[23456]: error: Received disconnect from 192.168.1.250: 3: com.jcraft.jsch.JSchException: Auth fail [preauth],```,,### 示例 5,```plaintext,May 18 14:22:20 LabSZ sshd[56789]: error: Received disconnect from 216.58.210.174: 3: com.jcraft.jsch.JSchException: Auth fail [preauth],```,,### 示例 6,```plaintext,Jun 03 06:10:05 LabSZ sshd[34567]: error: Received disconnect from 134.170.188.221: 3: com.jcraft.jsch.JSchException: Auth fail [preauth],```,,### 示例 7,```plaintext,Jul 28 16:38:40 LabSZ sshd[67890]: error: Received disconnect from 8.8.8.8: 3: com.jcraft.jsch.JSchException: Auth fail [preauth],```,,### 示例 8,```plaintext,Aug 12 02:08:15 LabSZ sshd[78901]: error: Received disconnect from 208.67.222.222: 3: com.jcraft.jsch.JSchException: Auth fail [preauth],```,,### 示例 9,```plaintext,Sep 09 19:52:35 LabSZ sshd[89012]: error: Received disconnect from 149.112.112.112: 3: com.jcraft.jsch.JSchException: Auth fail [preauth],```,,### 示例 10,```plaintext,Nov 25 11:17:50 LabSZ sshd[90123]: error: Received disconnect from 162.159.36.1: 3: com.jcraft.jsch.JSchException: Auth fail [preauth],```,,这些示例只是简单地改变了部分信息，你可以根据实际需求进一步调整。 
11,Dec 10 07:13:56 LabSZ sshd[24227]: message repeated 5 times: [ Failed password for root from 5.36.59.76 port 42393 ssh2],以下是构造的 10 条类似的数据，通过改变日期、时间、进程 ID、重复次数、用户名、IP 地址、端口号生成：,,1. `Jan 15 12:25:30 LabSZ sshd[35678]: message repeated 3 times: [ Failed password for admin from 10.22.45.89 port 22222 ssh2]`,2. `Feb 20 03:45:12 LabSZ sshd[12345]: message repeated 7 times: [ Failed password for user1 from 192.168.1.100 port 33333 ssh2]`,3. `Mar 05 18:00:08 LabSZ sshd[45678]: message repeated 2 times: [ Failed password for testuser from 203.12.34.56 port 44444 ssh2]`,4. `Apr 22 23:59:59 LabSZ sshd[67890]: message repeated 9 times: [ Failed password for guest from 8.8.8.8 port 55555 ssh2]`,5. `May 11 09:15:20 LabSZ sshd[23456]: message repeated 4 times: [ Failed password for backup from 172.16.0.5 port 66666 ssh2]`,6. `Jun 30 16:30:40 LabSZ sshd[56789]: message repeated 6 times: [ Failed password for support from 216.58.209.174 port 77777 ssh2]`,7. `Jul 18 05:40:15 LabSZ sshd[78901]: message repeated 8 times: [ Failed password for dev from 10.0.0.2 port 88888 ssh2]`,8. `Aug 08 11:20:35 LabSZ sshd[89012]: message repeated 1 times: [ Failed password for auditor from 198.51.100.1 port 99999 ssh2]`,9. `Sep 25 14:50:05 LabSZ sshd[90123]: message repeated 5 times: [ Failed password for analyst from 2001:0db8:85a3:0000:0000:8a2e:0370:7334 port 11111 ssh2]`,10. `Oct 03 01:01:01 LabSZ sshd[34567]: message repeated 3 times: [ Failed password for operator from 10.10.10.10 port 2222 ssh2]`,,这些数据模拟了 SSH 登录失败的重复消息，可用于日志分析和安全监控等场景。其中第 9 条使用了 IPv6 地址作为示例。 
12,Dec 10 08:39:59 LabSZ sshd[24408]: message repeated 5 times: [ Failed password for root from 106.5.5.195 port 50719 ssh2],以下是构造的 10 条类似的数据，通过改变日期、时间、进程 ID、重复次数、用户名、IP 地址和端口号等变量或参数来实现：,,1. `Jan 15 12:45:20 LabSZ sshd[25678]: message repeated 3 times: [ Failed password for admin from 192.168.1.100 port 2222 ssh2]`,2. `Feb 20 15:30:10 LabSZ sshd[26789]: message repeated 7 times: [ Failed password for guest from 10.0.0.5 port 44444 ssh2]`,3. `Mar 5 09:15:35 LabSZ sshd[23456]: message repeated 2 times: [ Failed password for user1 from 172.16.1.20 port 33333 ssh2]`,4. `Apr 25 18:00:05 LabSZ sshd[27890]: message repeated 9 times: [ Failed password for testuser from 203.5.5.200 port 55555 ssh2]`,5. `May 12 11:22:40 LabSZ sshd[28901]: message repeated 4 times: [ Failed password for root from 111.22.33.44 port 66666 ssh2]`,6. `Jun 30 14:55:50 LabSZ sshd[29012]: message repeated 6 times: [ Failed password for backupuser from 168.192.1.50 port 77777 ssh2]`,7. `Jul 18 07:30:25 LabSZ sshd[21234]: message repeated 8 times: [ Failed password for sysadmin from 10.10.10.10 port 88888 ssh2]`,8. `Aug 8 16:40:15 LabSZ sshd[22345]: message repeated 1 time: [ Failed password for tempuser from 198.51.100.1 port 99999 ssh2]`,9. `Sep 22 09:50:30 LabSZ sshd[23457]: message repeated 10 times: [ Failed password for auditor from 200.200.200.200 port 11111 ssh2]`,10. `Oct 1 13:10:45 LabSZ sshd[24567]: message repeated 5 times: [ Failed password for readonlyuser from 123.123.123.123 port 22222 ssh2]`
13,Dec 10 09:45:06 LabSZ sshd[24680]: pam_unix(sshd:session): session closed for user fztu,以下是构造的 10 条类似的数据，通过改变日期、时间、进程 ID 和用户名来生成不同的日志信息：,,1. Dec 11 10:15:22 LabSZ sshd[25681]: pam_unix(sshd:session): session closed for user abc123,2. Dec 12 14:30:10 LabSZ sshd[26682]: pam_unix(sshd:session): session closed for user testuser,3. Dec 13 16:45:35 LabSZ sshd[27683]: pam_unix(sshd:session): session closed for user newuser,4. Dec 14 08:00:05 LabSZ sshd[28684]: pam_unix(sshd:session): session closed for user guest,5. Dec 15 11:20:40 LabSZ sshd[29685]: pam_unix(sshd:session): session closed for user tempuser,6. Dec 16 13:55:18 LabSZ sshd[30686]: pam_unix(sshd:session): session closed for user admin1,7. Dec 17 17:30:25 LabSZ sshd[31687]: pam_unix(sshd:session): session closed for user support,8. Dec 18 09:10:33 LabSZ sshd[32688]: pam_unix(sshd:session): session closed for user devuser,9. Dec 19 12:45:50 LabSZ sshd[33689]: pam_unix(sshd:session): session closed for user staff,10. Dec 20 15:20:02 LabSZ sshd[34690]: pam_unix(sshd:session): session closed for user auditor
